Genotype,Growth_cm
G1,2.698685661204493
G1,2.444694279531526
G1,2.759075415240277
G1,3.1092119425632103
G1,2.4063386501106656
G1,2.406345217220328
G1,3.1316851262029566
G1,2.8069738916611637
G1,2.312210245626019
G1,2.717024017434386
G1,2.314632922875015
G1,2.3137080985718974
G1,2.5967849086264136
G1,1.7346879021368808
G1,1.8100328669947867
G1,2.275084988303611
G1,2.0948675518662303
G1,2.6256989330381098
G1,2.1367903697915156
G1,1.9350785194658835
G1,3.086259507568622
G1,2.409689479805386
G1,2.5270112818751693
G1,1.9301007255146172
G1,2.2822469101899268
G1,2.5443690358839466
G1,2.0396025690310786
G1,2.6502792073382686
G1,2.259744524032478
G1,2.383322500082689
G1,2.2593173551082413
G1,3.240911273803575
G1,2.4946011101048264
G1,2.0769156284176398
G1,2.8290179648412757
G1,2.0116625400115913
G1,2.5835454380019023
G1,1.7161319504480899
G1,1.9687255804406276
G1,2.5787444943476494
G1,2.795386631998164
G1,2.5685473124759883
G1,2.4537406870447036
G1,2.3795585217642845
G1,1.908591203853029
G1,2.2120623166421165
G1,2.315744491616085
G1,2.9228488904875665
G1,2.6374473158273846
G1,1.7947839378549064
G1,2.629633587757918
G1,2.3459670878334733
G1,2.2292311998776166
G1,2.744670515536347
G1,2.9123998089983805
G1,2.8725120476464796
G1,2.1643129907109446
G1,2.3763150496595142
G1,2.6325053725614254
G1,2.8902180508489437
G1,2.308330304861884
G1,2.425736409334473
G1,2.057466010397589
G1,2.0215173503677315
G1,2.825010328957679
G1,3.0424960114283293
G1,2.4711959513678665
G1,2.9014131591568098
G1,2.6446544100190534
G1,2.24195209815795
G1,2.6445582422033658
G1,3.1152146265863876
G1,2.4856695843560193
G1,3.1258574623256026
G1,1.4521019583641022
G1,2.8287610017500895
G1,2.5348188272952683
G1,2.380397059813653
G1,2.536704310614201
G1,1.7049724341596428
G1,2.4121312448649954
G1,2.6428450286046985
G1,3.0911576178966067
G1,2.292691912690541
G1,2.176602558842725
G1,2.2992971825661854
G1,2.8661608470808297
G1,2.6315004438638736
G1,2.2880959184931844
G1,2.7053069732453423
G1,2.538831019739216
G1,2.887457996213156
G1,2.219178762449059
G1,2.368935141360893
G1,2.343156738747137
G1,1.9145940207471526
G1,2.6184481108258306
G1,2.604422108871956
G1,2.502045382656984
G1,2.406165146649941
G1,1.9338517031798341
G1,2.331741870893856
G1,2.362914193389292
G1,2.1790890923113526
G1,2.4354857153335963
G1,2.6616203427258154
G1,3.2544743604842123
G1,2.5698311251327355
G1,2.6030201562891055
G1,2.470221633693533
G1,1.7324915138803834
G1,2.4893944498203133
G1,2.5240920839764107
G1,3.4852968449941146
G1,2.423055614087551
G1,2.620618936933445
G1,2.4861152921179026
G1,2.032528784952187
G1,2.9571291258060084
G1,2.80077321307471
G1,2.816412778817219
G1,2.1362450180821044
G1,3.06111772437444
G1,1.9392595748830876
G1,2.734742837520108
G1,3.3761822503239913
G1,2.1037854699477245
G1,2.2734809081588914
G1,2.5398605460350563
G1,2.2986097383535204
G1,1.879734627573547
G1,2.5274251899224107
G1,2.075078514509558
G1,2.6894369722540725
G1,2.1322303063064787
G1,3.1199737620070156
G1,2.1866986830655053
G1,2.3711753935177295
G1,2.825406886947868
G1,2.007654273426418
G1,2.590983973841652
G1,3.0228571017129715
G1,1.857006706175509
G1,2.5738535434129215
G1,2.6039531176993695
G1,2.812729148710924
G1,2.005219715648767
G1,1.9718173547662894
G1,2.708776626246759
G1,2.6187938692932744
G1,2.600197140138351
G1,2.6385792837987903
G1,2.227990111368604
G1,2.5929014788644014
G1,2.6172289893194725
G1,2.214259432789453
G1,3.2463098044579026
G1,2.689533168364715
G1,2.0234786011189403
G1,2.762621443453532
G1,2.110127331909071
G1,2.8148338414969807
G1,2.9634382316029617
G1,2.1717270726593156
G1,2.885350451697729
G1,2.665112370774599
G1,2.828824063997796
G1,3.258717193061579
G1,2.401844753598852
G1,2.198505534257004
G1,2.1441942281497908
G1,2.1736758860138248
G1,2.469159316234358
G1,2.6364607899266574
G1,2.6106763197320078
G1,2.8308732996144097
G1,2.505200756751163
G1,3.0814136308629267
G1,2.3941372667048175
G1,3.5880676666358475
G1,2.7502669391060026
G1,2.157136977433487
G1,2.071643000775555
G1,2.692988966097274
G1,2.4106148858696597
G1,2.7856001976368368
G1,2.689295049829418
G1,2.470868434937251
G1,2.161282512772638
G1,1.8940611101256541
G1,2.3213940191731917
G1,2.8425595177293888
G1,2.5856374976520815
G1,2.001704488515205
G1,2.5692723703404727
G1,2.6541269518915347
G1,2.1464570255195468
G1,2.561490042378211
G1,2.5232834873784
G1,2.0428118808677507
G1,2.643114944139313
G1,2.7243138105472937
G1,2.933220497270111
G1,2.9215208208139614
G1,1.9489322528171635
G1,2.1248699840339507
G1,2.706014106883464
G1,2.7055143803648836
G1,2.7060190745224193
G1,4.041092596261889
G1,2.728356204277267
G1,2.9542262560722397
G1,2.8816007053972807
G1,2.7605565005223194
G1,2.3738923021438616
G1,2.803587688197307
G1,2.1908699141849715
G1,2.4052725573039964
G1,2.305854580868359
G1,2.532749655754529
G1,3.4258634266694035
G1,1.7530939229633007
G1,2.7745040761498054
G1,1.8549136515241393
G1,2.3112272536842267
G1,2.9355802387869465
G1,2.525712007638185
G1,2.0689020888282776
G1,2.213878516296013
G1,2.7718390995738704
G1,2.2078533473131454
G1,2.58658343583279
G1,2.5182287359615256
G1,2.239359860957673
G1,3.3575776357301303
G1,2.7535676089272045
G1,1.689942965336957
G1,2.574581725907771
G1,2.235285414092645
G1,2.8409733339184897
G1,2.18299170462692
G1,2.4541054234132402
G1,2.701994911592183
G1,2.8463020776680485
G1,2.0198814371776894
G1,2.3661995056636207
G1,2.3100218755356177
G1,2.2386683069705153
G1,3.2061816961124388
G1,2.661992684384382
G1,1.9956464182659819
G1,2.8671447788219107
G1,3.3488624788050534
G1,2.912986104220459
G1,1.8922520136183945
G1,2.306306370853499
G1,3.006764459674649
G1,2.2169322137524876
G1,2.6775277712584913
G1,2.809853621371735
G1,2.129227811368767
G1,2.47618985757528
G1,1.2034930639723709
G1,2.090244943466284
G1,2.398972739442736
G1,2.00088672721406
G1,3.1529645215726543
G1,1.9279434488157468
G1,2.3239822053212063
G1,2.5522962309144366
G1,3.0765093156264465
G1,1.9256551395282242
G1,2.965265500861984
G1,2.5040932244078347
G1,2.1073965395808196
G1,2.6848413897053085
G1,2.579623878229388
G1,2.259913249136482
G1,2.5279208339960078
G1,2.345874561255296
G1,2.5454069381004993
G1,2.7648522698084186
G1,3.134406726458141
G1,2.0048738004692606
G1,3.3532133498625067
G1,1.7191648801909993
G1,2.4392859619857665
G1,2.7353268825938306
G1,2.6123967470940133
G1,2.2509201920717623
G1,2.41675109985709
G1,2.302799626136467
G1,2.2642540972223153
G1,2.83984083880841
G1,2.642806194386019
G1,2.222836161895738
G1,2.8598399501733
G1,2.6229198083506438
G1,2.825144847535584
G1,2.7518515367694447
G1,2.168401995631171
G1,2.275927583921212
G1,2.7989174420493046
G1,2.744148106173386
G1,2.491639362414341
G1,2.5469309533235127
G1,3.01106595831537
G1,2.263371444465668
G1,2.718838952468015
G1,2.419122939026442
G1,2.412927518709112
G1,2.939510740794876
G1,2.830166539595212
G1,2.8254038544002555
G1,3.0221915228617315
G1,2.508401536653104
G1,2.7727811885179854
G1,2.3758932973626177
G1,2.6296665409953768
G1,2.4479427782529264
G1,2.538798385997087
G1,2.7380628101747653
G1,2.172711726706611
G1,3.336954910274184
G1,2.097593047400119
G1,2.014324554884907
G1,2.963244349400027
G1,2.8166650775851743
G1,2.7496479268208622
G1,2.751338203705712
G1,2.4951012908612342
G1,2.1410982514056673
G1,2.5303218232774904
G1,2.229135315395155
G1,2.8900478933671003
G1,2.4411770473991448
G1,2.1698011212829953
G1,2.3714456633388026
G1,2.66517258171025
G1,2.27451017887841
G1,2.1711118417734276
G1,2.597474884596765
G1,2.597986628443489
G1,2.297222729851548
G1,2.3115846777526707
G1,2.5928199749430547
G1,1.9207662634010703
G1,1.937014490249378
G1,2.2126223114990258
G1,2.414621139315261
G1,2.6243630262392017
G1,3.090142486779821
G1,2.843063849280808
G1,2.436024588014629
G1,2.4923935168389244
G1,2.0989882541448766
G1,2.492594745603044
G1,2.3845365444319446
G1,2.629087424135236
G1,2.169107622579071
G1,2.707738605696469
G1,3.1130955652010313
G1,2.456495940617257
G1,2.6606846888395768
G1,2.776057596684445
G1,2.3395118112456657
G1,2.589636992724167
G1,2.505036960312718
G1,2.5390704394195325
G1,2.1907960864578135
G1,2.509804069703577
G1,2.69919931649818
G1,3.080457443118017
G1,2.8837083304340827
G1,3.3612729830046226
G1,2.19306097484478
G1,2.8489282546882713
G1,2.5733368022953407
G1,3.375921173287069
G1,2.1766806858579395
G1,2.1641112631276895
G1,2.260242941822391
G1,1.6504417102760773
G1,2.289697991327696
G1,2.1963469353785205
G1,2.560157514590483
G1,2.6367023903108637
G1,3.2504683356863544
G1,2.88016953527442
G1,2.269238537735039
G1,2.140634131460657
G1,2.696767668602602
G1,1.971906717191743
G1,3.2325835063417414
G1,2.9717760482885147
G1,2.312329739158118
G1,1.814746188363649
G1,3.041548949666165
G1,2.4541840618989528
G1,2.995126524789385
G1,1.862228936482253
G1,2.2602499908184908
G1,2.502097479887273
G1,2.5187922375058966
G1,2.3199738114083024
G1,2.7491399729389996
G1,2.0729518282469623
G1,2.4430482059914826
G1,2.5481182526847594
G1,2.7057755336234997
G1,2.784645951235556
G1,2.050143163264852
G1,1.8863543317057512
G1,3.0110707287594036
G1,2.632925604791837
G1,2.2006053853773784
G1,3.1204607902090093
G1,2.5462698537171433
G1,2.9717188736255307
G1,2.5270073925640437
G1,3.324299169952795
G1,3.202136336977282
G1,2.4004143406083704
G1,2.8886283803817423
G1,2.758150379834059
G1,3.0474526230129397
G1,2.114030615767958
G1,2.7744205839993756
G1,2.923369794739835
G1,1.7965042054307543
G1,2.02669659493369
G1,1.6843071288959597
G1,2.392237266222177
G1,2.787016902318385
G1,3.1009428208384113
G1,2.5296379121679102
G1,3.151446218228517
G1,1.9479594167140433
G1,1.8186470242579382
G1,2.4777809204413526
G1,2.6536261795757228
G1,2.4869221007623628
G1,1.6730231599840493
G1,2.4643519841948844
G1,1.9782121997980586
G1,2.7678690195320153
G1,2.6466392984387395
G1,2.1240480854690578
G1,2.2944532330653225
G1,2.076314591244419
G1,2.4749283610907313
G1,2.8820569282004955
G1,2.1057095814657822
G1,2.7016186062071377
G1,2.2878969526510238
G1,2.182850867095062
G1,2.457187856018177
G1,2.0859030710322504
G1,2.278540277861127
G1,2.0208488429644604
G1,3.285890053166556
G1,2.5141054207886913
G1,2.2201097968029657
G1,2.585591964293689
G1,2.455068780123668
G1,2.411612160186711
G1,2.74566668001737
G1,2.803003084018922
G1,2.287799540955789
G1,2.269672703742128
G1,2.3899793211393425
G1,1.5792315341057659
G1,1.8939235751205792
G1,3.04674970697781
G1,3.1579870854005136
G1,2.4003855841774486
G1,2.7306227852223066
G1,2.6245000618174146
G1,3.731552323382095
G1,2.9478299645738306
G1,2.4488329634076935
G1,2.1177838237598294
G1,1.8574214718969708
G1,2.581385454346889
G1,2.1974597018862787
G1,1.9310985161609304
G1,2.2413708463029893
G1,2.067380798554242
G1,3.1748566540290257
G1,2.85265590277978
G1,2.496810943473353
G1,3.0919776555560103
G1,2.5309473230590473
G1,2.1554863194686944
G1,3.109249630907863
G1,2.7155640174738633
G1,2.0851015382694174
G1,2.423864528766557
G1,2.149752698646097
G1,1.9468801076142657
G2,3.0704710190126567
G2,3.4637666561880525
G2,2.1405729704723435
G2,2.9251876946762287
G2,2.4397429723512696
G2,2.5051498464941218
G2,2.4630424303044527
G2,2.3544036921280735
G2,2.719408651177931
G2,2.367619953435585
G2,2.8081827303119358
G2,2.6799047562203455
G2,2.6044207812534363
G2,2.336974535183361
G2,2.469291467772667
G2,3.002156490330303
G2,2.9003668750497527
G2,2.3089779020805796
G2,2.7397329221716906
G2,3.000554849348716
G2,2.0322378875514513
G2,2.917344076951974
G2,2.4349504964216617
G2,2.928239467437264
G2,2.3946963373829933
G2,1.9780471597341927
G2,2.048983024846735
G2,2.719233978664553
G2,2.803889000688593
G2,2.3382733499582367
G2,2.9554369835109497
G2,2.0353919750924163
G2,2.6735680805410738
G2,2.2155935200950174
G2,2.4392655568791364
G2,2.718959468526566
G2,2.3558346538864194
G2,2.54617778230807
G2,3.1025171236857765
G2,2.469243252190741
G2,3.034276844826057
G2,2.248117258136953
G2,2.9119216711661133
G2,3.2766274482631603
G2,1.7113421999490845
G2,2.3812418978118095
G2,2.9308288508722162
G2,2.618781845582803
G2,2.848458349348524
G2,2.458405925313672
G2,2.73463591498916
G2,2.637729105843168
G2,3.1671128246639233
G2,2.8017683373204854
G2,2.8350410648300812
G2,2.535249213551013
G2,2.504957510371003
G2,2.526976724872152
G2,2.857780856951319
G2,2.531606207671895
G2,2.8159099427585654
G2,3.530160319458176
G2,3.0484498813726773
G2,2.569590587132864
G2,3.180485568865578
G2,2.5367698507913796
G2,1.8847501859288585
G2,2.2967654756330385
G2,1.9516832315896577
G2,2.559394606383477
G2,2.707367351675821
G2,3.3705749249101133
G2,2.8307709495056654
G2,2.6123597884764544
G2,3.0317622324733957
G2,1.815545876396846
G2,2.7942458232434264
G2,3.008346077554787
G2,2.1085655016880636
G2,3.157501617282772
G2,2.835398562997766
G2,2.5338848344396796
G2,2.953112746442514
G2,3.6082771431217586
G2,2.772746502023398
G2,2.7992882345201346
G2,2.5162556401839025
G2,2.3600622522140835
G2,3.0321343266176983
G2,2.357566469636453
G2,2.728626494887757
G2,2.5089370212939537
G2,2.891591930298557
G2,2.8334648421147794
G2,3.11501597770316
G2,2.4959934404581015
G2,2.5920500258826515
G2,2.3084945136870774
G2,2.5222826959695555
G2,2.850920197217941
G2,3.002795446658141
G2,2.33113387032895
G2,3.0478423680422644
G2,3.2422551435219806
G2,2.8653739612894804
G2,3.4507183250232267
G2,2.390484320358571
G2,2.202138118675433
G2,1.9885119004382887
G2,3.2984177245956734
G2,2.9617462625416233
G2,2.6777661316358183
G2,2.811987450527928
G2,2.2498043810806494
G2,3.6783007918467305
G2,2.751688472790091
G2,2.7437579178419575
G2,2.990306649559477
G2,2.8924036926946854
G2,2.789553609711653
G2,2.3838102178218756
G2,2.8885873428543984
G2,3.452809798590014
G2,3.2381680184619914
G2,3.337274650655759
G2,2.4955137294275263
G2,2.304158071896568
G2,2.6496852319601407
G2,2.722289964915478
G2,3.1376766073883795
G2,2.0230141481140724
G2,3.311820127784246
G2,2.6367968405684046
G2,2.529247572021032
G2,2.295158249895933
G2,2.0380573312536923
G2,3.029268233584766
G2,2.729327186875362
G2,2.1840156401035786
G2,2.181968491174554
G2,2.565686120283949
G2,3.3676086101157576
G2,2.596163459454558
G2,2.0987428187527577
G2,2.6017027743656223
G2,2.590910572100932
G2,1.6212453428233715
G2,2.6782820533928753
G2,2.607626187916529
G2,2.9784825459253677
G2,3.4395824379781383
G2,3.150626011819103
G2,2.592444523778068
G2,2.257389636503332
G2,3.7293439212999444
G2,2.7236873736057956
G2,2.7055717167651787
G2,2.690349965155999
G2,2.779233904307142
G2,2.642255835230423
G2,2.4705351972479055
G2,2.4812564235038432
G2,2.686898691913601
G2,2.4826300915464943
G2,2.4148616869291346
G2,2.742572091076759
G2,2.598009113031658
G2,3.3015971954330756
G2,1.6396120766427953
G2,3.1366027407689847
G2,3.198434076999052
G2,1.8706439070367402
G2,2.5629249623678607
G2,2.5514236536016837
G2,2.1369953221128717
G2,2.38887332496365
G2,2.2557696618136687
G2,3.400908177369449
G2,3.0742713572589846
G2,3.2086220379976638
G2,2.988668825617294
G2,2.2483792915131087
G2,2.490191893488091
G2,2.8957498244911672
G2,2.211148876443222
G2,2.9851993720689554
G2,2.603869840736746
G2,2.5500716769801612
G2,2.984383987281397
G2,2.877705324594416
G2,2.555613533672368
G2,3.1637319213456996
G2,2.2675746689600413
G2,2.9463742427777055
G2,2.9372405031873536
G2,2.576181424274404
G2,2.8304532088968473
G2,2.199554569445879
G2,3.0696108076827606
G2,2.6260391454228045
G2,2.4909107917923845
G2,3.119603690334756
G2,2.4182625237828965
G2,2.136615481454576
G2,2.0773483305904388
G2,2.942403980538256
G2,2.187828259001487
G2,3.401917672793746
G2,1.8672282368465112
G2,3.3785825473160154
G2,2.7844069868810477
G2,2.6613147552518432
G2,2.4820323652764205
G2,2.8596544457408286
G2,2.684946119030061
G2,3.141320752806609
G2,2.745691059464816
G2,2.760120704584751
G2,2.5545551151144577
G2,2.677221750511573
G2,2.8231207075568236
G2,2.01593264293735
G2,2.160725831157715
G2,2.9973056376090863
G2,2.768346175251177
G2,2.6264066654589286
G2,2.7073735732261572
G2,2.8390326821446688
G2,2.4840961278762554
G2,2.3886781098390752
G2,2.778338102039073
G2,2.3086508889539874
G2,2.863301102285789
G2,2.018966558304864
G2,3.1116622549302577
G2,2.8890389929652174
G2,2.8024118937255507
G2,3.0930763935782055
G2,3.366189777785031
G2,3.1057480260072525
G2,1.9636503074673421
G2,2.1881692133057196
G2,2.450072568921729
G2,2.7104364200843336
G2,2.9070636081876495
G2,2.409702474738614
G2,2.7747067057908317
G2,2.3978468270586712
G2,2.455392878803221
G2,2.137335561260711
G2,2.3307067015556386
G2,2.159326157753467
G2,2.309650698809067
G2,3.121456718643136
G2,2.320240444467223
G2,3.7529528259349565
G2,2.897327160352356
G2,2.7739344494779496
G2,2.3566568879275147
G2,2.9801239517635967
G2,2.4697448695048907
G2,2.748803925858145
G2,3.724033815307518
G2,2.6615760401101403
G2,3.1597093305142705
G2,2.418729429949645
G2,2.6860046038012153
G2,3.408320254254204
G2,2.4492131768848933
G2,3.4249794231987716
G2,2.98310077418219
G2,2.475013289642293
G2,2.9529630956222084
G2,3.0890217798506923
G2,2.948723984886879
G2,2.0719101120438177
G2,2.4091451296700526
G2,2.6009925457793983
G2,2.670226628359982
G2,2.9482688390202716
G2,2.7710804003733016
G2,2.1658622565159598
G2,2.8520791404023855
G2,2.944234298113529
G2,2.923916179172416
G2,3.132312290221849
G2,3.0335688618195618
G2,2.8836720316913746
G2,2.6719337154165412
G2,2.0356156265936036
G2,2.8718472876530345
G2,2.783075074865245
G2,2.8086315348781494
G2,2.189300569671876
G2,2.267577383836695
G2,3.1212611413331617
G2,2.684177938457338
G2,2.97260027894905
G2,2.7113273504521844
G2,2.7119024557982985
G2,3.0753135223903993
G2,2.4935821087130505
G2,2.7384483107763935
G2,2.515089884517983
G2,2.5262015090270737
G2,2.5763311506125444
G2,2.788853508653485
G2,2.5085005513346093
G2,3.2023024502294084
G2,2.342157079112199
G2,2.6252513423354564
G2,2.52410757669033
G2,3.2787911537414933
G2,2.77862191060463
G2,3.112737815787454
G2,2.1057758507852116
G2,2.8068201063477036
G2,3.055852318249375
G2,2.73291359571017
G2,3.1261921500261405
G2,2.493084619959851
G2,3.263738976074232
G2,3.6195592494477005
G2,2.5548645758241366
G2,2.5217989914396917
G2,3.2813537908470805
G2,3.331828858292285
G2,2.490855989138693
G2,2.531925273161657
G2,2.5872861564557974
G2,2.162219795586289
G2,2.332539221406321
G2,2.2983436932991728
G2,2.3928809739583485
G2,2.6861260450452877
G2,2.7936858930146085
G2,3.320200197125631
G2,2.3006583837044836
G2,3.0937289593906336
G2,2.6144044623097966
G2,2.680214516139027
G2,2.9699277968666418
G2,2.2509111913750806
G2,2.8529638984736203
G2,2.7665808832852226
G2,2.89698050560326
G2,2.8156674575631273
G2,3.682120055964358
G2,2.444904006299474
G2,2.487601217999273
G2,2.4507437894300943
G2,2.4778091523358983
G2,2.445045149077393
G2,3.175606612443021
G2,3.2682016991959424
G2,2.4717014825002095
G2,2.3670577707583087
G2,2.888566222554562
G2,2.4791107822876115
G2,2.9531727271022046
G2,2.78116920834052
G2,2.0937023540011075
G2,3.319002080532025
G2,3.418351069238209
G2,2.4548845238062458
G2,2.5449193760256064
G2,2.8143461562899623
G2,2.8337827159948104
G2,2.9634177090691325
G2,3.50408181550654
G2,2.6292211090023803
G2,2.3806811021846186
G2,2.1482723087941893
G2,2.4076279840232324
G2,2.6867492108504814
G2,3.417823145407115
G2,2.4929554803855316
G2,2.7895151806555596
G2,2.6934308415708994
G2,3.1753573093792338
G2,3.710772970349449
G2,2.487652490831872
G2,2.504224222992711
G2,3.117664350827629
G2,2.972756595850525
G2,3.4386829302944135
G2,2.9335712741303857
G2,2.556283163685176
G2,2.936261932276924
G2,3.1434814322331635
G2,3.0281928724789458
G2,2.9029096124429192
G2,3.126669875835662
G2,3.167718236178269
G2,3.252863596415011
G2,2.959483955035857
G2,2.6331527678732582
G2,2.7586854745733294
G2,3.182603586603343
G2,2.373225731605106
G2,2.8474693235491606
G2,2.542664475069056
G2,2.711497929173927
G2,3.21138074504292
G2,2.7764396272079614
G2,2.71857461926246
G2,2.1560575436080325
G2,2.9985014264108885
G2,2.95819367245643
G2,3.565301889322184
G2,2.5768887060187997
G2,2.787660131065576
G2,2.7997534734843024
G2,3.33098131190539
G2,2.6618817870452194
G2,2.8116086103081357
G2,2.9431586038866158
G2,2.7746436492625435
G2,2.5214265541797887
G2,2.777635997159323
G2,3.129452699943909
G2,2.289393880235576
G2,2.7531878696587504
G2,2.4199516740243308
G2,3.1780186515699373
G2,2.09072523808649
G2,2.476431261091365
G2,2.8508847500258083
G2,3.3262096116937365
G2,2.673699895570805
G2,2.4779201893227207
G2,3.452462827776236
G2,2.1207944398335026
G2,1.8204776173519672
G2,2.876005780021333
G2,2.4991783102589555
G2,2.291506873147715
G2,2.9833425789197414
G2,2.7975202855084795
G2,2.474368547705309
G2,2.187878240531642
G2,3.048982931312058
G2,2.9600804711834647
G2,2.660329654488247
G2,3.4386547984190665
G2,2.271966093469539
G2,2.0897899316301047
G2,2.4232367720475025
G2,2.681765593457801
G2,2.7973357797290768
G2,2.603505576857468
G2,2.840822158605719
G2,2.1993842303238225
G2,3.277505841629304
G2,2.6671395286429727
G2,3.1469183326352512
G2,2.8370901385510816
G2,2.8827012876615137
G2,2.927906912092882
G2,2.879083424006926
G2,2.957089103947018
G2,3.2316610120529727
G2,2.7786084678805882
G2,2.983601503035405
G2,2.6641057222851097
G2,3.276046886179789
G2,2.429443079176292
G2,3.4203761731643265
G2,2.6839368197422626
G2,2.127689959152781
G2,2.751241765964316
G2,2.427579337010048
G2,3.03625741959549
G2,2.4389504082790436
G2,2.5215266267140883
G2,1.9441837076217876
G2,2.5190774723003697
G2,1.7304482693484173
G2,2.066438870605711
G2,3.004165862457719
G2,3.014320063460333
G2,2.870183024713986
G2,2.313209542748315
G2,2.6809154575432084
G2,2.698558984363773
G2,2.236654124322983
G2,3.3013593207068603
G2,3.050944916230269
G2,2.6116143304681345
G2,2.7107543355978123
G2,2.783353123179021
G2,1.8833060526302838
G2,2.6011290469917614
G2,2.4272063008008806
G2,2.299351996042034
G2,2.587559882845618
G2,3.419074610739809
G2,2.9563371445068043
G2,2.4715284040868815
G2,2.929033112542464
G3,3.559742174634401
G3,3.3698534731651075
G3,3.0238521479680696
G3,2.7412252889177706
G3,3.279289325445436
G3,3.1573941541687
G3,3.358077288011093
G3,3.254068720672788
G3,3.419821086127734
G3,2.785905915375773
G3,3.52695762625373
G3,3.07903984187696
G3,3.830104349050106
G3,2.7243248727641727
G3,3.6943855212660996
G3,3.0791643133850592
G3,2.739432798554221
G3,2.8064456663782713
G3,2.871861076722272
G3,3.1696663785607666
G3,3.2091341952142
G3,2.7705199984245685
G3,2.9902581630956067
G3,3.8569081434447456
G3,3.6910172680402846
G3,3.174529467869613
G3,3.01520139126728
G3,3.0480125306873047
G3,3.2454071890921665
G3,2.5908829739206376
G3,2.897049385030662
G3,2.3325663704489643
G3,3.1596892490421116
G3,3.258878375881096
G3,2.8067254150802503
G3,3.629594705316013
G3,2.5096937347990633
G3,2.414250047916072
G3,3.089780727423989
G3,3.418839321044862
G3,3.6735710765831477
G3,2.816446294852424
G3,3.4314723333725183
G3,2.984596612199717
G3,2.930949080023672
G3,3.353463974994669
G3,3.2609291513653678
G3,2.3694431372063
G3,3.590616139890358
G3,3.5520365416589805
G3,2.749774919396188
G3,3.1583214133749635
G3,3.1976120745130956
G3,3.1042695063295627
G3,2.7798779384618317
G3,2.7313506528247795
G3,2.989778371603422
G3,3.4690916077037457
G3,3.217440061837773
G3,2.851754267165558
G3,3.308679484259338
G3,1.8605829517479697
G3,3.459506280148841
G3,2.30411448848876
G3,2.855023623438747
G3,2.5521320421495424
G3,2.4821274097116377
G3,3.4643307149514078
G3,2.812919519475243
G3,3.138601552692286
G3,2.9812317684483265
G3,3.1908163308892488
G3,3.0307287564241023
G3,2.4868031103245722
G3,3.398506727778856
G3,2.802497366735475
G3,2.3773672405360995
G3,2.828753935613635
G3,3.6003039162537243
G3,3.340088696845397
G3,2.860539146236856
G3,2.8602969182726286
G3,2.871345979513047
G3,3.830699193424336
G3,3.1527741808926213
G3,3.172016658876428
G3,3.4121133816127367
G3,3.0955156636106054
G3,2.896383141671719
G3,2.921460060366009
G3,2.9713594962343746
G3,2.9851111053960633
G3,3.291051817454792
G3,3.02077835432292
G3,3.2930560308862318
G3,2.9677133679565673
G3,3.0314540761264364
G3,2.200719726187157
G3,3.3665310698809927
G3,3.138595390359197
G3,3.399204043943861
G3,1.8414978487225242
G3,3.835349881912291
G3,2.9441641487379306
G3,3.4432731266950065
G3,2.5840376291497877
G3,3.2451095620250276
G3,2.5786337747305375
G3,2.750492415721678
G3,3.7656125415467145
G3,2.9237270396946613
G3,3.086973149271889
G3,3.3480270922755015
G3,3.1982727551890417
G3,3.0601675620574307
G3,3.14598440098649
G3,3.96136623409531
G3,2.976952481186566
G3,3.080439618685987
G3,3.420261758403045
G3,3.4422103731831935
G3,3.474812122224152
G3,3.255492088811674
G3,2.5427980349078068
G3,3.6533726129204385
G3,2.5414618427925246
G3,3.121054186095613
G3,2.698289659992257
G3,2.974344661362803
G3,3.131504964121392
G3,3.1285428861801092
G3,3.1687683016941137
G3,3.645484507623459
G3,3.181413720605592
G3,2.9023373458837405
G3,3.3856348673153427
G3,3.4757881955698564
G3,2.508956873945203
G3,3.2389600279399433
G3,3.2804690969243593
G3,2.880974598656003
G3,3.5502827253246476
G3,2.939977765186989
G3,3.050230581388617
G3,2.9307712702864523
G3,3.006231619032587
G3,2.561489965241919
G3,2.423979646962282
G3,3.637802025289989
G3,2.661215460672669
G3,2.603443060217477
G3,2.138643954558514
G3,2.744415300924199
G3,2.4707640826370008
G3,3.656806064054548
G3,3.4039268357370536
G3,2.7247398619289105
G3,3.9009743221377233
G3,3.392706194796638
G3,2.870067446596551
G3,2.000237714050571
G3,3.9163770290362967
G3,2.4441710132945618
G3,2.341840501217243
G3,3.4090281728038563
G3,3.975900962535709
G3,3.553709127404207
G3,3.2255636480209438
G3,3.2379017366661142
G3,3.3413662235121233
G3,3.303571435914706
G3,3.1124765695877503
G3,3.0416804415807506
G3,2.974962748840191
G3,2.6984141644533297
G3,2.8877299692532903
G3,2.322817274321846
G3,2.9606641492821
G3,2.604563557139633
G3,2.5585642731136917
G3,3.071957660461391
G3,3.5568009145378396
G3,3.367326642400925
G3,2.371799758550729
G3,2.604148745371865
G3,3.3763084751952865
G3,2.6070050425846762
G3,2.9101467400011902
G3,3.2200208396098207
G3,2.612662218054546
G3,3.0421502024583837
G3,2.466389802032718
G3,2.7594529424195144
G3,3.1279127736570147
G3,2.3628025065873324
G3,3.1761898951841596
G3,2.9921448804293274
G3,3.220995981766859
G3,3.0895656536258644
G3,3.545656171989538
G3,3.050089801059163
G3,2.828237783549899
G3,3.0489190012129135
G3,3.217319211614555
G3,3.019544028130282
G3,3.016236676481553
G3,2.7192033248772978
G3,2.7348396329796207
G3,2.4389578912801224
G3,3.6998306972747756
G3,2.502454705843486
G3,2.722837920881637
G3,2.712637093772321
G3,3.3579697507777766
G3,2.882020128683189
G3,3.4990968290694937
G3,2.7306037503024525
G3,3.111597664889521
G3,2.665861178696097
G3,3.8580596511093552
G3,2.524960632388195
G3,3.123928284090811
G3,3.2535107523728395
G3,3.1655196389805993
G3,2.9258849364489166
G3,2.9480717201066295
G3,3.0175245887916438
G3,2.9411991993486044
G3,3.385551646717964
G3,3.8842092006365405
G3,2.7770032859968667
G3,2.452078808168369
G3,2.964687180659498
G3,4.031883735061728
G3,2.6785301728121076
G3,3.655646722177627
G3,3.671080325630576
G3,2.7785647033168024
G3,3.2275932316741103
G3,3.6513586492514154
G3,2.848348903605005
G3,2.918567855959055
G3,2.7673276344205426
G3,2.594097307722853
G3,2.740288981973597
G3,2.5104238932950973
G3,3.0136333873036905
G3,2.6920107075765434
G3,3.0935143647162993
G3,2.377641741518549
G3,3.1323520928857826
G3,3.33341158464357
G3,2.2025057429714177
G3,3.1496226279390287
G3,3.491067596989317
G3,2.516143592523518
G3,3.669028954735081
G3,3.167607603746418
G3,2.7179952576966366
G3,2.9776923689369177
G3,3.223330765008689
G3,3.0304021565649646
G3,3.2155023969785477
G3,2.6317305627682535
G3,3.067744329614431
G3,2.4345142012380077
G3,2.95550957546052
G3,2.638436943414084
G3,2.7057880229640934
G3,3.494437270084175
G3,3.4365240482377075
G3,3.2436552483628707
G3,2.5630748941309682
G3,2.8734366201220793
G3,3.4852390799916733
G3,3.0566867654559617
G3,3.9277318159926775
G3,3.1573271357577486
G3,3.0768196465960127
G3,2.8763534143189995
G3,3.053416361912913
G3,2.9390120654477823
G3,3.283243470675436
G3,3.3826809267178337
G3,2.68560421579682
G3,2.4675068185768887
G3,2.2655178507586813
G3,3.2031965307650174
G3,2.5586533575304506
G3,2.1388437628190067
G3,3.155431441812386
G3,3.997199806973116
G3,2.9975716353840425
G3,3.335396309780657
G3,3.032731743419026
G3,2.9604441387235427
G3,3.3676305931951074
G3,2.8838901823245395
G3,3.106956925628761
G3,3.1286791224784056
G3,2.7327638185427805
G3,3.396816939814609
G3,2.9300160973218365
G3,2.6977019362028622
G3,3.214603937428161
G3,2.640612807283585
G3,3.0112724629476513
G3,2.9963524013423184
G3,3.4343582263326313
G3,3.1898792931519813
G3,2.9899892165019426
G3,3.3271065196801146
G3,3.5560830196069255
G3,3.223124122540745
G3,3.004141047937352
G3,2.475265507059936
G3,2.573954534769851
G3,2.877910118258133
G3,2.7561951191362866
G3,2.9252114788058217
G3,3.022659969958843
G3,3.2118771017426924
G3,2.9718004887763634
G3,3.1946006575304806
G3,3.0257897659240482
G3,2.2098133734584513
G3,2.6242658424724983
G3,2.9423649777113536
G3,2.516122102863557
G3,3.2399714919984817
G3,3.6123003329374788
G3,3.4875047406789266
G3,2.9146228516279167
G3,3.596290454739981
G3,3.0594669828808447
G3,2.865165611552784
G3,2.754638934583624
G3,2.8790121254047487
G3,2.8447292725835087
G3,3.068166488950195
G3,3.0642295924199456
G3,3.0012184080613657
G3,3.17477526789854
G3,3.4762585099145364
G3,3.3798216541765296
G3,2.4060408126200388
G3,1.9784315460392181
G3,3.3737279644957097
G3,2.4532485206338315
G3,2.9100938392429265
G3,2.531954789576256
G3,2.279207824967992
G3,3.216585091281915
G3,3.303662064121059
G3,2.769395839709312
G3,1.963583083142036
G3,2.7815022206990068
G3,3.1567216021610185
G3,2.4084353724903487
G3,3.0733439679116623
G3,2.993876060330802
G3,3.2317165998404356
G3,3.047832147365661
G3,2.610772423647378
G3,3.4786286006657967
G3,2.936588170789212
G3,2.9890781841960274
G3,2.6266928163707215
G3,2.822687099523396
G3,2.6460789143892396
G3,2.9308215760306306
G3,3.6846833920569373
G3,2.4512395428274574
G3,2.3545754408493034
G3,3.5884681309974433
G3,2.9162705291392537
G3,2.732370904536033
G3,3.4159618749584304
G3,2.757753784105254
G3,3.7304038854187747
G3,3.2711703485357075
G3,2.804835436741719
G3,3.862923285306201
G3,2.7577140307986645
G3,3.296838148803723
G3,3.1197170321625967
G3,3.520696515759519
G3,3.624604478690741
G3,3.0128016596263065
G3,2.6986328518615266
G3,3.1839888571756467
G3,2.7289138520991574
G3,3.8053548990106494
G3,3.054614132433095
G3,2.8538713794751565
G3,3.0738721223459633
G3,2.4611494841881214
G3,2.611354384595739
G3,3.48016556317777
G3,2.7372422884114416
G3,2.581235606927224
G3,3.2146611010109143
G3,3.4742816618651986
G3,3.287581324266027
G3,3.3984190743223266
G3,2.6972819645722157
G3,2.4312757333032624
G3,3.6005334607821946
G3,2.8709280644631456
G3,2.899666793417981
G3,3.5312776567396233
G3,3.222492003760264
G3,3.182355108832643
G3,3.8660009379604334
G3,2.7425927078479426
G3,3.371136051232495
G3,3.0228052499588336
G3,3.1074369115453027
G3,3.6113873705650126
G3,3.2031343025158496
G3,3.215318431619853
G3,3.429002934923921
G3,2.8540189081828458
G3,2.664316133064397
G3,2.5820763223915866
G3,2.2134573642495994
G3,3.8224828519761287
G3,2.558716653711327
G3,2.911498550565691
G3,2.8892746800444318
G3,3.1229626791236402
G3,3.326294885015719
G3,3.344189395343898
G3,2.7667690245724246
G3,2.9331513144854355
G3,3.11303198019532
G3,2.9005235495265813
G3,3.642938230407997
G3,3.1963899806553004
G3,3.293951114419927
G3,3.265152507466965
G3,3.46938954299413
G3,3.0724086234814827
G3,2.4812672208176614
G3,3.1598751807010568
G3,2.7394572424832684
G3,2.788553327300097
G3,3.2345456075020373
G3,3.4953132285734543
G3,3.0085086306944246
G3,3.1235332050395854
G3,3.6808859778540954
G3,3.0963012717954275
G3,4.040673245672158
G3,3.226203858252618
G3,2.2956948963376727
G3,3.301336648441813
G3,3.1524633539531113
G3,3.5159011016330983
G3,3.269272540507983
G3,2.9446176064064904
G3,2.5102807054842535
G3,2.91639069708559
G3,2.65979181831628
G3,2.767790620078111
G3,3.235431361768244
G3,3.6679618017405624
G3,3.1578686119291923
G3,2.521646775185926
G3,3.1778410672880564
G3,3.4786525946582607
G3,2.756086838272247
G3,2.946393133330833
G3,3.0058752778916786
G3,2.6860406747671037
G3,3.2593121735375434
G3,2.9516207405568875
G3,3.167812977562811
G3,2.64500312887916
G3,2.825016679870636
G3,3.2889525431311086
G3,2.850866739163293
G3,3.690785540493362
G3,2.840145525754159
G3,3.0898738903007543
G3,3.373036332749236
G3,2.4326537068267875
G3,2.2956764752076895
G3,2.389737474171962
G3,3.505033641370873
G3,2.7792567416430214
G3,4.023279714267301
G3,2.774300960537045
G3,3.0738205212788148
G3,3.6168439810271504
G3,3.8024371552636493
G3,3.824601430654559
G3,3.4833464922372572
G3,3.409625010324585
G3,3.2370107796804732
G4,3.211344430466655
G4,2.6795257134685864
G4,2.572720446631077
G4,2.898650217035619
G4,2.8319261509900286
G4,2.7187087802690897
G4,3.178554978982686
G4,3.282122083428204
G4,2.935362754516739
G4,3.4910120324221046
G4,2.443324354346598
G4,2.8225362162881127
G4,2.613271071758878
G4,2.153385353170776
G4,2.8669277256629204
G4,2.8513009966466867
G4,3.5053798972968524
G4,3.152324673821911
G4,2.490325270268318
G4,3.641637026533675
G4,3.388413478210141
G4,3.1328390813874463
G4,2.809406360460067
G4,2.516224305310608
G4,2.7511172895715785
G4,3.3354994478816744
G4,3.6538345223738435
G4,3.5172974113088755
G4,2.7044602312854904
G4,2.452153026684395
G4,2.9563544987644814
G4,2.1926242537748593
G4,3.0292670856739123
G4,2.8409589654805325
G4,2.713585399252703
G4,2.262118773093282
G4,3.1054400426278868
G4,2.6869196641352353
G4,2.4320332657158845
G4,1.7510951146873401
G4,2.8889940379797454
G4,3.6089006386678975
G4,3.564503685819148
G4,2.717161497365491
G4,2.6591151758552876
G4,3.0875097024300096
G4,2.500645824324683
G4,3.020716759927786
G4,3.206432111353876
G4,3.390773289553723
G4,2.859938369408019
G4,2.8185304999292136
G4,2.5488069652973753
G4,2.569247858384056
G4,2.809408443239389
G4,3.0469462027264713
G4,3.2654338504932996
G4,2.578728419727862
G4,3.4970754275838085
G4,2.7915505595829724
G4,2.8914530822606253
G4,2.6011153283408706
G4,1.9303038958908232
G4,3.2536181585444197
G4,3.194737558836973
G4,2.7874689771527144
G4,2.9267962868899486
G4,3.1063756870816395
G4,2.274981657245383
G4,2.688378929061482
G4,3.2177058718487306
G4,2.3982842307323002
G4,3.0174231728666516
G4,2.3573672781506376
G4,3.0865719929734103
G4,2.8857434070810064
G4,2.253947273637796
G4,3.3658957417828685
G4,2.60616336928078
G4,2.5758990251942473
G4,2.980227678892377
G4,3.359454939771486
G4,2.493671272408641
G4,2.9246719399391887
G4,3.0715266001322292
G4,3.1772422429052574
G4,2.97057662211089
G4,2.753188864366671
G4,2.568963911740512
G4,2.9344575532185497
G4,2.4711443952057572
G4,1.731459806602157
G4,3.074623921663067
G4,3.261573936434478
G4,1.9548270257832645
G4,2.4961077181160247
G4,3.147661704402079
G4,3.7229981878846794
G4,2.9083174830701632
G4,2.608798823508346
G4,2.8268414235580637
G4,3.4499505676592737
G4,2.641614328350186
G4,2.5803231973398986
G4,2.706902591127187
G4,2.518668556696515
G4,2.949068126397918
G4,3.549871383387824
G4,3.0292317092464116
G4,2.7990585991494847
G4,2.7832754924337824
G4,2.274723676521337
G4,3.2532439108588633
G4,2.868865121194879
G4,2.8278080345637497
G4,4.177243027137944
G4,3.0195011633462743
G4,2.5992835799619263
G4,2.7294569615177826
G4,3.359378283678702
G4,2.9453081642151058
G4,2.324688808673053
G4,3.2676915738300814
G4,2.6327423657844022
G4,3.649319110487018
G4,3.3320192262858592
G4,2.7210712417364995
G4,3.4124065446940453
G4,2.9271422042109614
G4,3.2411094700488876
G4,3.0938931269177896
G4,2.5614573380036507
G4,2.6425800670730153
G4,3.3119843270324645
G4,2.7660898671573837
G4,2.738540614703201
G4,2.5179509682602585
G4,3.069439626237384
G4,3.725009967697258
G4,2.4729868342982906
G4,2.909687782669103
G4,3.464888222166172
G4,2.868143443501714
G4,3.0809487184998936
G4,2.475042588741248
G4,3.0713228388830593
G4,2.8251422939981805
G4,3.294291998271945
G4,3.3749544206259006
G4,3.9358254568074456
G4,3.13185326928543
G4,3.0303185266328665
G4,2.9777537206309344
G4,2.7587334828757246
G4,3.0353935373846763
G4,2.7818394359443883
G4,2.9673843905078456
G4,3.4270390142431837
G4,2.4973829738881435
G4,3.355951424451618
G4,3.426846026935946
G4,2.8527725892035685
G4,2.051258040396562
G4,2.656871205162227
G4,3.4187978186244434
G4,2.890852775080447
G4,2.5002791070820356
G4,2.698090031508713
G4,3.236248010601821
G4,3.1186934272805518
G4,2.8044271603321222
G4,2.7532702352741247
G4,2.7432967403824713
G4,2.531035926200599
G4,3.5461502757877765
G4,2.771071812315464
G4,3.3868634083301985
G4,3.5085264207689804
G4,3.299324359259184
G4,2.7273518749127805
G4,3.0614920361346436
G4,2.8903217574436333
G4,2.5385192557079486
G4,3.0297437126886413
G4,2.428384083536079
G4,3.3750717553846252
G4,2.7141530810806427
G4,2.9804638623491355
G4,3.0133151486184566
G4,2.796438010518369
G4,3.1346775205901096
G4,2.7100385373509903
G4,3.2485189189828976
G4,2.3616081279013006
G4,2.9505518318185646
G4,3.675571599623314
G4,2.49986747015777
G4,2.6289020117900592
G4,3.105563139863566
G4,2.9718327127758393
G4,3.0402520397094235
G4,3.0956748520590653
G4,3.153888587424708
G4,3.343879936782489
G4,3.063927462771405
G4,2.8034969381525827
G4,3.1690294804810923
G4,3.659952773958086
G4,2.8469465014469706
G4,2.5101882781317433
G4,3.342832267714789
G4,2.8518475344185608
G4,2.0309321815943853
G4,3.2389686708601686
G4,2.685868725618431
G4,2.8637866870783357
G4,3.032792132227606
G4,2.9761998719116263
G4,3.1837807268556158
G4,2.7258054517720627
G4,3.105242319270433
G4,2.796181328966433
G4,3.195524192355001
G4,3.146146993605221
G4,2.5258245191821618
G4,3.334392846470013
G4,2.6856146219543806
G4,3.223223119312458
G4,3.0469149253605363
G4,3.635273470718049
G4,2.810613607051259
G4,2.760273281552721
G4,2.892232157644907
G4,2.77872808686629
G4,3.21997676077682
G4,2.253475756625365
G4,2.478527032341458
G4,2.4728788313683228
G4,3.2801230367894303
G4,3.58424534903277
G4,2.8582203125850114
G4,2.832471310723996
G4,2.9280208652452724
G4,3.364751321043276
G4,2.5290587463237704
G4,2.995347593093914
G4,3.2900790519129717
G4,3.100437667975938
G4,2.975832646639497
G4,3.3004184370268566
G4,1.818707082800305
G4,3.171150127812363
G4,2.6383697267490303
G4,2.1677468412574172
G4,3.104481039809992
G4,3.449463418065183
G4,2.8450205941489233
G4,3.2811498188811754
G4,3.544911303195458
G4,3.425965781433619
G4,3.555985811748557
G4,3.196850996428757
G4,2.930173455560637
G4,2.2592136752411323
G4,2.8015750047480203
G4,2.5627013618735233
G4,3.7683770869991253
G4,2.829645675027065
G4,2.9492819227137943
G4,3.1205941504161867
G4,2.9174409785489814
G4,3.578020416172301
G4,2.650940255306219
G4,2.977842982094897
G4,2.6030117657207805
G4,2.3719909955117178
G4,2.655292363637886
G4,2.885185281180635
G4,2.728279110193096
G4,2.6230316080504577
G4,2.337473014531266
G4,2.866757770948522
G4,2.298111850387599
G4,3.2040223854758407
G4,2.9329759011738012
G4,2.3169794002140276
G4,2.7763163691800545
G4,2.5991374377637664
G4,3.027669804167672
G4,3.436180178409258
G4,2.149931012141702
G4,2.9460104316589666
G4,2.835946881773344
G4,3.168536030580186
G4,2.9852786512950757
G4,2.5992122673044724
G4,2.772378425733353
G4,2.581589657278604
G4,3.330402855439439
G4,2.908524659468777
G4,3.660476274301203
G4,2.875735674474152
G4,2.6166372932358146
G4,2.294514242954869
G4,2.178744129497622
G4,2.266345622797804
G4,3.0068506604045933
G4,3.1034900092919733
G4,2.2675237191871465
G4,3.258015325630446
G4,2.706775579326624
G4,2.95871720479422
G4,3.5448882513021696
G4,3.2587357263462127
G4,2.792587740837667
G4,2.543523109833885
G4,2.0392738394682777
G4,2.6123386723030317
G4,2.815547904468922
G4,2.5051281891395263
G4,2.847497213163078
G4,2.9307407531835072
G4,2.8100576072767685
G4,2.639998967670616
G4,2.967461868786691
G4,3.0767762598277635
G4,2.4638403690228614
G4,3.464372951898508
G4,2.860564747086295
G4,2.907539849177939
G4,3.1832857693026226
G4,2.9932864525054006
G4,3.281254653565298
G4,3.0148496660807296
G4,2.655025050143825
G4,3.0446014100824406
G4,2.442509517071735
G4,2.943423882310609
G4,2.8867080037422155
G4,2.816753257090984
G4,2.8485849954244276
G4,2.1472603818009444
G4,2.6805100369036152
G4,2.937137960456446
G4,2.96394255679896
G4,2.488929943629617
G4,3.40628313634588
G4,2.5535300607141993
G4,3.2877828802106945
G4,3.0708777447486737
G4,2.6415090760624786
G4,3.6101243570438046
G4,2.4225452672974077
G4,3.2676616694440006
G4,3.3002329272171913
G4,2.631751916369342
G4,3.4569861200257312
G4,2.799981394160419
G4,3.0154774517119427
G4,3.004128735508488
G4,2.8462765034117807
G4,3.2243233092639128
G4,3.2173954882208853
G4,2.2005872107047275
G4,3.421736097151261
G4,2.23500320478573
G4,3.313018481736663
G4,3.3506820547310334
G4,2.463613427913921
G4,2.735674284818166
G4,2.4577181326056254
G4,2.814031587884506
G4,2.7767862863257036
G4,3.2118642129077357
G4,3.4241234984478433
G4,3.4582735243159823
G4,2.675132789368679
G4,2.816311250502189
G4,2.2266247231116196
G4,2.577651973401524
G4,3.285940653238983
G4,3.5462331294192926
G4,2.406260451248031
G4,2.6630142963388423
G4,2.889437697216429
G4,3.0120644635278424
G4,2.5761585920313417
G4,3.069624417785636
G4,2.7104642611716336
G4,2.8942190916486883
G4,3.11851369920148
G4,2.902568907924375
G4,2.7254456437893726
G4,2.8561560784296676
G4,2.8646548163178656
G4,2.7519955880471487
G4,2.796481574933159
G4,3.5394588682018866
G4,3.124367779176495
G4,2.781807872788336
G4,3.178781761804294
G4,2.766472204097596
G4,3.3692498550346563
G4,3.0478568768792376
G4,2.8570791423983084
G4,3.079086770324111
G4,2.2716495391726
G4,2.449293012436078
G4,2.4224299974403776
G4,2.9571772379054826
G4,3.5930059997940367
G4,3.792520058477053
G4,3.155220440576303
G4,3.100337789977783
G4,2.1795769063389043
G4,2.6829304801063913
G4,2.5848864992367044
G4,2.6516609606995534
G4,2.832742472566084
G4,2.711163768921149
G4,2.108280075849685
G4,3.199164102447013
G4,2.4709027897040774
G4,2.99569874564446
G4,3.7296330678999894
G4,2.5322461633654303
G4,1.8878849909014679
G4,2.7855983112479556
G4,3.3403838539994286
G4,3.6833389816882374
G4,2.408180162219033
G4,3.0986796892946087
G4,2.7138758172879784
G4,2.8576206582783454
G4,3.9577373388068136
G4,2.2988118686419385
G4,3.001495864597829
G4,3.087077268706173
G4,3.334314529975739
G4,2.939193261388358
G4,3.023220215801641
G4,2.7433405730312836
G4,3.0076507764980427
G4,2.7627230898010358
G4,3.14862875594242
G4,2.752155865582546
G4,3.0508401575608746
G4,2.8882948745260086
G4,3.350420100308867
G4,2.8794425105646053
G4,2.190787012717247
G4,3.4047686002855966
G4,2.537707079654952
G4,2.638493464540472
G4,2.661735482382603
G4,3.449775237268327
G4,2.0457303144085217
G4,4.155099413463997
G4,3.3224227236264205
G4,2.989295565651664
G4,2.878042399753485
G4,3.0142216299430626
G4,3.108448971351735
G4,3.158086234380023
G4,3.1222417864013794
G4,2.9358322725020995
G4,2.8210646318770696
G4,2.8394906865385954
G4,2.8220366878589274
G4,3.353508038746826
G4,3.137422688912345
G4,1.7238445461342877
G4,3.1623603106119043
G4,2.97789447788751
G4,2.892516497421641
G4,2.7445926187644454
G4,3.3496450879944053
G4,3.279010584849143
G4,2.590848932870556
G4,3.062820914849814
G4,2.5113373061834854
G4,2.3481527340844277
G4,2.6493131101640137
G4,3.2449573889531034
G4,3.2812500181504345
G4,3.1052341680389173
G4,3.1900383147391986
G4,3.106471314845983
G4,2.643407361910819
G4,3.072769017869576
G4,3.2201638100910728
G4,3.2017165319254297
G4,3.3755653485898574
G4,3.1833215388804255
G4,3.040579283016633
G4,3.328060095326571
G4,2.8893914963003757
G4,2.547250139508913
G4,2.834773214422494
G4,2.6020389420774204
G5,2.129928690010247
G5,2.342192531713793
G5,2.0830320316000153
G5,2.276815388144384
G5,1.6425541332184856
G5,2.4853174829491755
G5,2.4004821901448894
G5,2.0731645475727234
G5,2.663698267372962
G5,2.7750280550506234
G5,1.7569760542524102
G5,2.0949100885735144
G5,2.0923430600850805
G5,2.024038759556454
G5,2.7317899367726994
G5,2.3224695444908785
G5,2.2941940634757554
G5,1.5984550542372986
G5,2.6541672120836903
G5,1.904296642058611
G5,2.4239730521065312
G5,2.5109507751832765
G5,2.9442634383354602
G5,1.876471840352355
G5,1.1921951376716697
G5,2.473539817901478
G5,3.1202044726043416
G5,2.895578541175775
G5,2.48386376610985
G5,2.203345525747181
G5,2.7228490386549242
G5,2.0105815201182127
G5,2.5905431077424876
G5,2.6021880636666506
G5,2.824083962999552
G5,3.5038640155644307
G5,2.556966386871507
G5,2.1964145497170002
G5,2.389770275123202
G5,1.6923696380443527
G5,2.1221147475643765
G5,2.236287024754758
G5,2.190364640826163
G5,2.4609419488134887
G5,2.07103202704712
G5,2.8484122669297887
G5,2.400082825967279
G5,2.396279871544554
G5,2.268842113394833
G5,2.4620762735435915
G5,2.730039305867054
G5,2.0531479137156396
G5,2.1367534043698972
G5,2.2785095884893343
G5,1.861651630610714
G5,2.072296856111401
G5,2.209511650582136
G5,2.749755672285091
G5,2.5050245316007698
G5,2.4774359645470176
G5,2.740359184867189
G5,2.3450512846402414
G5,2.556185939971556
G5,2.3587112988270014
G5,2.506144939759851
G5,2.166896536955367
G5,1.424473136689428
G5,2.3462883351254784
G5,2.969099254439976
G5,2.770486160896637
G5,2.786158993836468
G5,2.894452288722487
G5,2.435463036384575
G5,2.478926282962238
G5,2.15293924182626
G5,2.27357085758918
G5,2.6463084599084565
G5,2.8815537748675264
G5,2.3442214897276
G5,2.2199242940594353
G5,2.400211183542639
G5,2.640482699571646
G5,1.8224580735465832
G5,1.4815276187451047
G5,2.1797852602033663
G5,1.9117150296343364
G5,2.1967439209410755
G5,2.340887872473011
G5,2.2187006363907944
G5,2.9809870137882983
G5,2.530697905840928
G5,2.5201897438443313
G5,2.6488828576173606
G5,1.9444667528876922
G5,2.8156447149681076
G5,2.369694285385816
G5,2.668192246896485
G5,1.9712571067839377
G5,1.778496493593574
G5,2.7271558632100112
G5,2.5505638104390065
G5,2.039179378256996
G5,2.0521347674901222
G5,2.8501739137659077
G5,1.9242352428530687
G5,3.0570691813023854
G5,2.0397517061408523
G5,2.655356770243353
G5,2.2685526097004063
G5,2.641274972432937
G5,2.182354399154323
G5,2.334882837571082
G5,2.4163676701582886
G5,1.999125017687411
G5,2.69632973816805
G5,2.1947145734113658
G5,2.3085600338639924
G5,2.002260250156595
G5,1.3750665364818757
G5,2.3235888949599324
G5,3.3650461686451663
G5,2.7138417151592096
G5,2.392295848106242
G5,2.294843668316693
G5,2.4089863571248187
G5,2.618847646070084
G5,1.927674873876462
G5,2.845728677867549
G5,2.6861525261764974
G5,2.687274290283174
G5,2.5753902955238908
G5,2.4078466630775957
G5,2.6691444943867277
G5,2.6367256534965513
G5,2.2583837156235904
G5,2.1705592908412394
G5,2.440742518104795
G5,3.019608060598075
G5,1.9043571697384396
G5,1.8129898936990239
G5,2.4659043364946065
G5,2.4203550807424072
G5,2.469336665748163
G5,2.4975812791634002
G5,2.3107190981460777
G5,2.995945375440833
G5,1.7596384086093937
G5,2.0686011900879016
G5,2.358698095940381
G5,1.742724475538333
G5,2.3296582382271716
G5,3.0645880662912073
G5,2.4083545953183845
G5,2.4922803622874734
G5,1.895934093930968
G5,2.153455436784209
G5,2.2499214478704253
G5,2.2729139612975064
G5,2.9126575180015073
G5,2.6230764242900495
G5,1.9554168172251871
G5,2.498601911372802
G5,2.599288699398714
G5,2.8560596154085065
G5,3.0322162746273493
G5,1.9939623232688524
G5,2.075656995515865
G5,1.8969688564341534
G5,2.3063920563572076
G5,2.586543349778534
G5,2.794933806635641
G5,2.3696195905429907
G5,2.2720609906980624
G5,2.460703196899496
G5,2.065942839347991
G5,3.2358154886779094
G5,1.7569355891527763
G5,2.4738962315582897
G5,3.209442487691856
G5,2.402719937823999
G5,2.323984385999402
G5,2.257021830875829
G5,2.327843327295037
G5,2.949139389870612
G5,1.5152552354681972
G5,3.0133734805185304
G5,1.830417139019942
G5,2.293339068306234
G5,2.228302231880535
G5,2.6354213079082878
G5,1.760750259246501
G5,2.584869066432777
G5,3.209723849314741
G5,1.8547303981628755
G5,2.4758824670441584
G5,2.135207128881356
G5,2.570354882477214
G5,2.407659110966301
G5,2.143405236382276
G5,2.5951489139484294
G5,3.121739243914697
G5,2.3236384833090806
G5,2.6879031768592725
G5,1.8826908168515344
G5,2.0174254492727965
G5,2.588962511152151
G5,2.993646411414386
G5,2.542245339514264
G5,2.274776787790738
G5,2.3997165621693415
G5,1.899836906412113
G5,2.6418061305421467
G5,2.7529332249293637
G5,2.2191638668667677
G5,2.211983140896199
G5,2.5063512918608195
G5,2.225312105583762
G5,2.373546954149671
G5,3.239888715666606
G5,2.3011897197016014
G5,2.256663939191511
G5,2.1409832777459363
G5,2.6976767885999746
G5,2.3275103307127587
G5,2.1402507846714296
G5,2.9285216129092047
G5,2.967841201805455
G5,2.159830573704518
G5,1.6533840194557534
G5,2.8030054759347687
G5,2.1261480696959985
G5,2.7162502396651074
G5,1.6119584729152656
G5,2.7570389353197235
G5,1.9155312282876875
G5,2.69230564762661
G5,2.4057092271345737
G5,2.018424232241342
G5,2.2371854748292876
G5,2.67452738278268
G5,2.4423577812460935
G5,2.6337651921889935
G5,3.190576233806194
G5,1.7743033553155794
G5,3.0468850299874495
G5,2.441742375009285
G5,2.0404863806707487
G5,1.8678745497044038
G5,2.3243518436891866
G5,2.7686600447697836
G5,2.348980351848986
G5,3.004461972098939
G5,1.8195297239793762
G5,2.395164420861578
G5,1.8990426222347523
G5,2.545452753049987
G5,2.75475495603892
G5,2.2316952825275784
G5,1.3583144573491461
G5,2.479579258718598
G5,2.574695420693404
G5,2.5617179019846787
G5,2.8943128767288617
G5,1.9715785281403804
G5,2.6720864421801798
G5,2.87700300499119
G5,1.6885649663973932
G5,2.527860730367591
G5,2.1983280675969312
G5,2.3673909307593415
G5,2.5390705934153344
G5,2.205108574354579
G5,2.129716768335355
G5,2.41366096699521
G5,1.965101624454879
G5,1.9656699484459257
G5,2.6717493131826013
G5,1.9404823859365374
G5,2.6665250003636847
G5,2.5850365171415803
G5,1.7096773084837613
G5,2.128974139065738
G5,2.877643761218949
G5,2.0075337875441273
G5,2.2142382950762447
G5,2.5848243573007585
G5,2.713356203713038
G5,2.2993844455822017
G5,2.1609959221233432
G5,2.968947944679403
G5,3.0955598655190313
G5,2.791543220312718
G5,2.4341272570260095
G5,2.0766937113436295
G5,2.067822237377374
G5,2.609005642106303
G5,2.5673592883554734
G5,2.9606394371785716
G5,2.6601800370144555
G5,1.7987678792960726
G5,2.820779047089167
G5,2.0007757490742346
G5,2.2464114912190594
G5,2.500080082500678
G5,3.1982669959135857
G5,3.6439674224021443
G5,2.642689223654473
G5,2.3267213525118446
G5,2.61380225939222
G5,2.755062170349534
G5,2.2717329497771233
G5,3.1180845423649286
G5,2.4920283036765607
G5,2.599097235636558
G5,2.6663697008217846
G5,2.5686346442457824
G5,2.735576200187845
G5,2.1530987253812306
G5,2.176679298421588
G5,1.9599383068113219
G5,2.5758004922480904
G5,2.7115746014048456
G5,2.583109146460754
G5,3.069796973339015
G5,2.3977615924683815
G5,2.667496662237005
G5,1.9633196495442742
G5,2.2451601190102393
G5,2.678215103026311
G5,2.7396408442972575
G5,2.282413220934327
G5,2.3713602992567733
G5,1.792850501327676
G5,2.2571883196773563
G5,2.7561532654079146
G5,2.6300820064426262
G5,2.6002662885524837
G5,2.4199094748723837
G5,2.4028252634512706
G5,2.1358715442106213
G5,2.679531368081014
G5,2.5683891777557557
G5,2.5968075391971195
G5,2.1895860629329675
G5,1.5386628320515021
G5,2.8388610847014784
G5,2.2084650175966383
G5,2.0548896943827515
G5,2.6773915647655975
G5,2.243194944032348
G5,2.8239745536186485
G5,2.646802379830679
G5,2.673427729280191
G5,1.8536177155197862
G5,2.88477759415456
G5,2.5045002124935425
G5,2.2522891443015185
G5,2.4573553869369005
G5,1.689505906840672
G5,2.5634611245922683
G5,1.9882513967271713
G5,1.858931885662586
G5,1.7910563255128436
G5,2.84507534999597
G5,2.1482946425228846
G5,3.0134910839665996
G5,2.185679414779081
G5,1.7170568169628213
G5,1.9533902240205363
G5,2.8943246480027756
G5,2.337640728825333
G5,2.1806850814037597
G5,2.464007290341115
G5,2.600713094467018
G5,2.846959526360984
G5,2.9793996919571706
G5,2.2560925416843656
G5,1.8695809255671847
G5,2.2346139355506893
G5,2.5041122026331544
G5,2.0144964295157557
G5,2.0171396340419827
G5,2.537515152619954
G5,2.3805390593718196
G5,2.4131187981646347
G5,2.096601866119972
G5,2.307839714317693
G5,2.0303067422926784
G5,2.7560793644499144
G5,2.814099733889501
G5,1.6615248551047623
G5,2.028195655923036
G5,1.8013882979639684
G5,2.1399904262372407
G5,2.3666248120838556
G5,1.820141912120588
G5,2.0312560747498747
G5,1.9984170511674004
G5,2.4829069317595773
G5,2.4277377348145
G5,2.111304978665099
G5,2.470728348855759
G5,2.1813279661650937
G5,2.2913379558695786
G5,3.069380836119415
G5,2.936184420716139
G5,1.8801675052289608
G5,2.7318929671516696
G5,2.724558621796637
G5,1.9406946844989525
G5,2.7275110575019443
G5,3.015172767365021
G5,1.9509820775022344
G5,2.0329988715942946
G5,2.807064586737401
G5,2.508598124330259
G5,2.620590510095809
G5,2.5362356865601985
G5,2.5562783683712578
G5,1.8694111486755667
G5,2.818927082648579
G5,2.8678359969711096
G5,2.308243702372789
G5,2.382609220074455
G5,1.7875569989777111
G5,2.6057019024071337
G5,2.6288229766856577
G5,2.3751235932002754
G5,2.849741343948201
G5,2.266369107608024
G5,2.62584237035744
G5,1.9921342645231537
G5,2.3905791396503044
G5,2.3302582968388657
G5,2.4901231688163765
G5,2.2521892284666567
G5,2.347410961731333
G5,2.7304188685766024
G5,2.225294305104713
G5,1.757369159704528
G5,3.099833561682168
G5,2.9525816314761943
G5,1.8830949219577524
G5,2.6758831220980777
G5,2.1988100917794626
G5,2.505394886132424
G5,2.5176896516053975
G5,2.306236879873471
G5,2.0864937337654412
G5,2.1237835790734962
G5,2.033523233807503
G5,2.067271116707822
G5,2.3731286839802577
G5,2.1136960043556994
G5,2.6728208262850477
G5,2.994898462134371
G5,2.1679787034519826
G5,2.495761800214151
G5,2.5998740441211736
G5,2.5888009083677095
G5,2.4303821071664347
G5,2.697072967343889
G5,2.592899581072263
G5,1.9049350310690807
G5,2.747662425755709
G5,2.7549163349066967
G5,2.0946855583285675
G5,2.415175134179041
G5,2.673331597124428
G5,2.316274472168255
G5,2.829191219106405
G5,3.3455489978477444
G5,2.085605586946007
G5,1.84758215873849
G5,2.52152743824195
G5,2.688625002050457
G5,2.3076534504620922
G5,2.9813042653284136
G5,1.8645576801107002
G5,2.6771674492126443
G5,2.1576556716964426
G5,3.0877511624829186
G5,3.1970061412672472
G5,2.093337364886661
G5,2.1801771456365677
G5,2.743835154791921
G5,2.245147740084194
G5,2.3818355128271045
G5,2.410155368216964
G5,1.6321307375209373
G5,2.394464901562305
G5,2.1241088903743304
G5,2.202750871040091
G5,2.9774528013875257
G5,1.8973972422882972
G5,2.725282074699191
G5,2.2884148278672765
G5,2.2880959326016663
G5,2.7161487584206845
G5,2.536020517827556
G6,3.4282451988878124
G6,3.5872738642131448
G6,3.067476646726671
G6,2.9551053061969
G6,2.7659397893768807
G6,2.869835788008418
G6,4.37963777012349
G6,3.697871832294715
G6,2.6595702535167915
G6,2.671016817302572
G6,3.3927464246873966
G6,3.418905918951187
G6,3.419553534126946
G6,3.098017682578521
G6,3.14981829599884
G6,3.3311518096637434
G6,3.2343572025173324
G6,2.3122798509009863
G6,3.1080801477699227
G6,2.859437426295875
G6,3.270084567563405
G6,4.3941036010413645
G6,3.346992666189722
G6,3.074588125531041
G6,3.568720600790901
G6,3.393075154883685
G6,3.3680377961807366
G6,3.4427402372862685
G6,4.022617425931816
G6,2.7476446258696336
G6,3.389452830724582
G6,2.829447548007385
G6,3.4222050585368997
G6,2.8325253954055625
G6,3.0330532745579664
G6,3.081964034304838
G6,3.5903266877378837
G6,3.5673817775769656
G6,2.7017130494214463
G6,3.22197364439994
G6,2.916168058100331
G6,2.6965980357298664
G6,3.113193179830252
G6,3.0766068846176724
G6,4.170686594538209
G6,3.3731839301442785
G6,2.648952999698305
G6,2.974090398331623
G6,3.6085533181717597
G6,4.03537710914797
G6,2.5656066751048168
G6,2.4480302459443823
G6,3.9483860701487132
G6,3.3558456709483617
G6,2.8526829072494535
G6,3.4138516344489744
G6,2.145700904393249
G6,3.2013502026388645
G6,3.3311284691372345
G6,3.569708055815132
G6,2.794441619082985
G6,3.234274864561344
G6,2.829830149576165
G6,3.302153502269727
G6,2.8418614710547905
G6,3.036759664335912
G6,2.8016738420839085
G6,3.460454496729463
G6,3.5433804466626664
G6,3.106151772017035
G6,3.2152951979840116
G6,2.6205634341465824
G6,3.0801293407972854
G6,3.1799181531833023
G6,4.2483172364119905
G6,2.755213189690335
G6,3.7856708955009752
G6,3.598743509386323
G6,3.312254561796055
G6,3.9034481936780536
G6,3.3488421890427453
G6,3.3556636782671716
G6,3.178751738792982
G6,3.689427552967451
G6,3.6385876935243537
G6,2.949729085001515
G6,2.6723011221604933
G6,3.1188077450417375
G6,2.8799845742409413
G6,3.1745901701538584
G6,3.6949752538736558
G6,3.017079337965284
G6,3.18287064747537
G6,3.223209093923358
G6,3.539372352882114
G6,2.301244266406158
G6,2.9573198820938815
G6,3.284513476911789
G6,3.6800315825707446
G6,3.003239020997518
G6,2.4493789175832505
G6,3.4478845783864545
G6,2.9458550444697487
G6,2.7241333363638556
G6,2.9502618441147104
G6,3.1261898569376605
G6,2.958102134184715
G6,2.3177735771603727
G6,3.558826478754853
G6,3.709950016511489
G6,3.4606087965358023
G6,2.7449257318300733
G6,3.119403386420993
G6,3.1973914739082168
G6,3.439517755824764
G6,3.4673361954872326
G6,2.906330480488602
G6,3.232798222565424
G6,3.3829121618460967
G6,3.782328928858707
G6,3.4818026159298894
G6,3.5156226749502077
G6,3.2335306511717445
G6,3.764183658081402
G6,3.363905118383799
G6,2.855564835930572
G6,3.7613479880500766
G6,3.4791613090156113
G6,3.022782391548607
G6,3.008202813040303
G6,3.3186302180563048
G6,3.385273918107034
G6,3.2789169062524826
G6,3.324523469377154
G6,3.8799829498305525
G6,3.6286172608939546
G6,3.27625423650601
G6,3.5765242323069937
G6,2.786990438588984
G6,3.359170819978724
G6,3.9237225398932445
G6,3.1127816418430507
G6,2.8609464285523662
G6,2.939164444562776
G6,2.764146785063045
G6,2.8860952367489188
G6,3.0517967605639886
G6,2.6377731923285435
G6,3.2062473335798414
G6,3.560910869514659
G6,2.836897527941232
G6,3.8077135694567077
G6,3.4043168354110382
G6,3.612232234249623
G6,2.9368661784591454
G6,3.5418100908266466
G6,2.763226439841875
G6,3.5560990003346036
G6,3.2687357359174127
G6,3.4213004879939137
G6,2.7297621577500593
G6,2.8419720630893583
G6,3.438891287301354
G6,2.82066079831032
G6,3.3852825168396494
G6,2.653144877415902
G6,3.5392696850666674
G6,2.7069906740925966
G6,3.4209199750718096
G6,3.4502523734584005
G6,2.9212912726281703
G6,3.432810626833891
G6,3.3041769053334225
G6,2.984463257522905
G6,2.796578126369517
G6,2.4149497233309685
G6,3.3398600189198775
G6,2.574078891455178
G6,3.2381376797765236
G6,3.0946207135671004
G6,3.4716571101752782
G6,3.0791818002040543
G6,3.0682208854611637
G6,3.4927482817153184
G6,3.3340232116336472
G6,3.3264623828731117
G6,3.3877070359234107
G6,2.5857711507171577
G6,3.502715471994793
G6,3.444987517605441
G6,2.793326748569401
G6,3.10236781053032
G6,3.1842770849489477
G6,3.146201286239307
G6,3.333543986627414
G6,3.7725467127324737
G6,3.6327066910691315
G6,2.6751123226274376
G6,3.4488279961224197
G6,3.7315733278141643
G6,3.354723408275681
G6,3.636392170074387
G6,4.004908178280306
G6,3.6094838184427926
G6,3.2997234382566916
G6,3.6180353896339015
G6,3.257955133238757
G6,3.2095612173139823
G6,3.059434305714507
G6,3.8253653435328436
G6,2.8726285336231996
G6,3.8129470898712468
G6,3.3999456494961486
G6,2.6402775300792234
G6,3.3470597171965686
G6,2.3599893969393504
G6,3.4502032067324144
G6,3.5540925931955965
G6,2.963057617739179
G6,3.249419078382233
G6,3.9816629735001148
G6,2.9977013182952255
G6,2.7764369651773597
G6,3.7926653609850396
G6,3.985034876212318
G6,3.201478268739139
G6,3.6045852141633428
G6,3.7365903662123525
G6,2.9030063069846466
G6,3.0058776658528528
G6,3.692349805261894
G6,3.874005711483404
G6,3.4251523440697422
G6,2.8480742585991785
G6,3.994824444679777
G6,2.9876116408752145
G6,3.0659448875314195
G6,3.3369351337958486
G6,3.82166416828591
G6,3.5415903906208897
G6,3.3659462001447644
G6,3.385315412047243
G6,3.2174058674573867
G6,3.4232558058074027
G6,2.1881759689222786
G6,3.0813570163720807
G6,3.2965287739667124
G6,2.7395943665521973
G6,3.354529327124624
G6,3.1182115116055518
G6,3.902190279326196
G6,3.829207890085943
G6,3.013677772352735
G6,3.1396649153733223
G6,3.1704209737566433
G6,3.019336209536151
G6,3.278009993611251
G6,2.896687172444964
G6,2.74775386602499
G6,3.4490844895601076
G6,3.4518118336887245
G6,2.878273696136003
G6,3.55814217230504
G6,2.9473689083338677
G6,3.3012660952151927
G6,3.5281376050449826
G6,3.186554974118515
G6,3.3818963648564537
G6,2.9934281424449716
G6,3.121413366628761
G6,3.117656227647864
G6,2.9013686613839047
G6,3.129290334753687
G6,2.5805526804545016
G6,3.0035385011431583
G6,3.086049802652132
G6,3.097528099001848
G6,3.1034010216516887
G6,3.1752943200559485
G6,3.3917766072344255
G6,3.549806829653009
G6,2.9400939092606935
G6,2.718719657844342
G6,2.783182235102759
G6,3.0051188315220294
G6,3.0592314728733965
G6,2.8920015735210174
G6,2.6815533343000424
G6,3.017551669010325
G6,3.2725706480455887
G6,3.438011786334226
G6,2.9770307787566717
G6,3.0348008711426266
G6,2.8293206764610757
G6,3.1874243318500897
G6,2.8606285463236745
G6,3.42925112529648
G6,2.4856534032263555
G6,3.056148131019015
G6,3.320442935676697
G6,3.273533806529002
G6,4.277213465592199
G6,3.3399200098271633
G6,2.798378161263196
G6,3.161814301164371
G6,2.4895014666134196
G6,3.1677601002812956
G6,2.866777577199697
G6,3.566156110224065
G6,2.9801838901617863
G6,3.1532936336819013
G6,2.9457768634382386
G6,3.8955405407413326
G6,3.0715028935528355
G6,3.933022817391681
G6,3.525660704847307
G6,3.3928266909341547
G6,3.347493258927008
G6,3.357518919286501
G6,2.4289309682617564
G6,3.0884466423396977
G6,3.538063188473729
G6,3.180441126610358
G6,2.63792406127857
G6,3.1790382197690126
G6,3.881642206502197
G6,3.698756686213888
G6,3.1751983962535877
G6,3.5805797108232347
G6,3.0533971918527794
G6,2.5184513652693123
G6,2.8302136047481783
G6,3.8251555074032795
G6,3.0904027672682783
G6,3.102646408249993
G6,3.080064721490048
G6,3.961654635829203
G6,3.8503835661448256
G6,4.087512093379254
G6,3.1363819158399795
G6,3.318249795498838
G6,2.5933429802316836
G6,3.79077377044731
G6,2.732888179492826
G6,3.2867102255050518
G6,2.7610789889468625
G6,2.9644532693045216
G6,2.86509502758012
G6,2.956849895729673
G6,2.9843509187404087
G6,2.980692482029969
G6,3.533333564712123
G6,2.7580548827749922
G6,3.288216570805547
G6,3.6871836609222237
G6,2.9947214541946416
G6,2.9128324437009594
G6,3.1077901499279
G6,3.6718900833442842
G6,3.277643052381343
G6,2.987514282156961
G6,3.393550660475216
G6,2.7590831400654308
G6,3.4725438041771794
G6,3.363442923080707
G6,3.0768766115444466
G6,2.8645656806211077
G6,2.8453276310866173
G6,3.413926934538364
G6,3.691592200995625
G6,2.9450769011884823
G6,3.383354681420594
G6,2.3651891925591726
G6,2.9661529077371203
G6,3.1875764268516393
G6,2.8361266332072668
G6,2.8253974500841617
G6,2.932888177412446
G6,3.3168770913305496
G6,3.1250683926374503
G6,2.3047075066700113
G6,2.3517199389459735
G6,2.95725392885713
G6,3.383074634421421
G6,2.1009980629099063
G6,3.000107929539348
G6,2.9895008573930317
G6,3.7553351112833795
G6,3.045991275314855
G6,3.3531955938963716
G6,3.2565028560349853
G6,2.3477734080771198
G6,3.5072828866526953
G6,3.2861586021825153
G6,3.403307455869836
G6,4.770495082574531
G6,2.366354824200565
G6,3.8898786599044435
G6,3.085020992239858
G6,3.314931561761204
G6,3.181795101879503
G6,3.0303054666407827
G6,2.972066828704497
G6,3.3318034942292036
G6,2.5931305213313287
G6,3.5002316670087064
G6,3.0335222380458986
G6,2.747972264383857
G6,3.0199948568016746
G6,3.7028596867450294
G6,2.985865965193511
G6,3.343381447283848
G6,2.907617489713811
G6,3.503168739969448
G6,3.474203095516082
G6,3.9394435333185647
G6,3.129774421800314
G6,3.467461921903163
G6,3.239227015815578
G6,3.7183487127452057
G6,2.912467044956508
G6,3.498002125150913
G6,3.1221210815533276
G6,3.1743247291566012
G6,3.2367009937793494
G6,3.300896158570671
G6,3.153508382751217
G6,3.2858852732682107
G6,3.831247223024874
G6,3.5941798742460875
G6,3.547661836998759
G6,3.017784189590452
G6,2.8443036687086707
G6,3.5821202232951013
G6,3.550418717011918
G6,3.789068270300393
G6,2.9584077496123085
G6,3.108180537855861
G6,2.5442063349898265
G6,3.043011557575651
G6,3.598628204231779
G6,3.013401848308721
G6,3.4561919180803296
G6,3.1237987576008757
G6,3.3296228112886244
G6,2.7409234440737333
G6,3.2340837798535604
G6,2.003545611639711
G6,3.1252415367352064
G6,2.547810702513944
G6,3.6823978066187264
G6,3.5109629411058045
G6,3.3866683927864325
G6,3.8084024908637524
G6,2.8204333916700652
G6,3.8989452791662234
G6,3.572876625704154
G6,3.105377885112422
G6,3.654248058873178
G6,2.7574825950353463
G6,2.8701943353889305
G6,2.95656411070412
G6,2.988408916774394
G6,2.777376942895899
G6,3.6892332268381303
G6,3.0964582398520677
G6,3.341001987342752
G6,2.971859453434528
G6,2.471758679780593
G6,3.308022943356569
G6,2.4350980098320893
G6,3.172546381565813
G6,2.652673984466876
G6,3.9949103996923236
G6,3.564545088869889
G6,3.242301516508592
G6,3.705482671061868
G6,2.861473609013706
G6,3.4173917514680374
G6,3.2799241734874856
G6,3.3056080325334682
G6,3.7089414000427072
G6,3.492996841111921
G6,3.3154894651300095
G6,2.5380450255086817
G6,2.8159814818882145
G6,3.1509164265617104
G6,3.2373489497106607
G6,2.7479185101304306
G6,4.164670670231368
G6,3.8065576221014292
G6,3.440847328156994
G6,3.2288147445134983
G6,3.1151164120395394
G6,2.819232615991106
G6,3.230992207407545
G6,3.3031010160571004
G6,2.7032957698073505
G6,3.3336705668979594
G6,3.1378963804701008
